<bookstore>
<book category="every book">
<title lang="en">Dbms</title>
<author>Rajiv Chopra</author>  
    <year>2005</year>  
    <price>30.00</price>  
  </book>  
<book category="php">
<author>Rasmus Lerdorf </author>  
    <year>2004</year>  
    <price>29.00</price>  
  </book>  
<book category="java">
<author>David Beazley </author>  
    <year>2015</year>  
    <price>40.00</price>  
  </book>  
<book category="c++">
<author>Bjarne stroustrup</author>  
    <year>2005</year>  
    <price>30.00</price>  
  </book>
</bookstore>  